<xml xmlns="http://www.w3.org/1999/xhtml"><block type="text_print" id="KD8.vwB-H@^)YNa0$*xC" x="110" y="46"><value name="TEXT"><block type="text" id="qsW{NVP@qo@CtR53;Y?5"><field name="TEXT">Hallo TXT!</field></block></value><next><block type="output" id="NtPjn#U9nUK4xc,WRVag"><field name="port">0</field><value name="value"><block type="on_off" id="D^82qB_]3d5r2J@gh~/|"><field name="state">1</field></block></value><next><block type="wait" id="X{d7^ZM~^-(:FV;PGB*5"><value name="seconds"><block type="math_number" id="s(F0G{xdxY/v(fbm+D$~"><field name="NUM">1</field></block></value><next><block type="output" id="Ph`X:459g*:B3tf~hH}J"><field name="port">0</field><value name="value"><block type="on_off" id="MWrQz^DaWHIuCNpfE0cZ"><field name="state">0</field></block></value></block></next></block></next></block></next></block></xml>